<odoo>
    <record id="onlinepc_app_report" model="ir.actions.report">
        <field name="name">onlinepc reportes</field>
        <field name="model">onlinepc.modelo</field>
        <field name="report_type">qweb-pdf</field>
        <field name="report_name">onlinepc_app.online_reportes</field>
        <field name="report_file">onlinepc_app.online_reportes</field>
        <field name="binding_model_id" ref="model_onlinepc_modelo"/>
        <field name="binding_type">report</field>
    </record>

    <template id="online_reportes">
        <t t-call="web.html_container">
            <t t-foreach="docs" t-as="onlinepc">
                <style>

                    h1 {
                        font-size: 24px;
                        text-align: center;
                        margin-bottom: 15px;
                    }


                    strong {
                        font-size: 18px;
                        margin-right: 10px;
                    }


                    span {
                        font-size: 16px;
                    }


                    p {
                        margin-bottom: 10px;
                    }

                    body {
                        background-color: #FFE5B4;
                        font-family: 'Times New Roman', Times, serif;
                    }
                </style>

                <center>
                    <h1>Informe Online Pc</h1>
                </center>

                <p><strong>Nombre del producto: </strong><span t-field="onlinepc.name"></span></p>
                <img t-att-src="'/onlinepc_app/static/description/icon.png'" style="max-width: 100px;"/>
                <p><strong>Categorias: </strong><span t-field="onlinepc.categorias"></span></p>
                <p><strong>Cantidad: </strong><span t-field="onlinepc.cantidad"></span></p>
                <p><strong>Precio: </strong><span t-field="onlinepc.precio"></span></p>
                <p><strong>Precio Total: </strong><span t-field="onlinepc.precioTotal"></span></p>
                <p><strong>Etiquetas:</strong><span t-field="onlinepc.etiqueta"></span></p>
                <p><strong>Metros: </strong><span t-field="onlinepc.metros"></span></p>
                <p><strong>Fecha: </strong><span t-field="onlinepc.fecha"></span></p>
                <p><strong>Descripcion: </strong><span t-field="onlinepc.descripcion"></span></p>
                <p><strong>Comprador: </strong><span t-field="onlinepc.proveedor"></span></p>
                <p><strong>Vendedor: </strong><span t-field="onlinepc.vendedor"></span></p>
                <p><strong>estado: </strong><span t-field="onlinepc.estado"></span></p>
                <p><strong>Observaciones: </strong><span t-field="onlinepc.observaciones"></span></p>
            </t>
        </t>
    </template>
</odoo>